Date,PAofInning,PitchofPA,Pitcher,PitcherThrows,Batter,BatterSide,Outs,Balls,Strikes,TaggedPitchType,PitchCall,RelSpeed,PlayResult,TaggedHitType
2026/8/30,1,1,宮城,Left,1,Right,0,0,0,Fastball,StrikeSwinging,138,,
2026/8/30,1,2,宮城,Left,1,Right,0,0,1,Fastball,FoulBallFieldable,140,,
2026/8/30,1,3,宮城,Left,1,Right,0,0,2,Fastball,FoulBallFieldable,144,Strikeout,
2026/8/30,2,1,宮城,Left,2,Right,1,0,0,Fastball,InPlay,140,Out,Popup
2026/8/30,3,1,宮城,Left,3,Right,2,0,0,Splitter,BallCalled,132,,
2026/8/30,3,2,宮城,Left,3,Right,2,1,0,Splitter,FoulBallFieldable,130,,
2026/8/30,3,3,宮城,Left,3,Right,2,1,1,Fastball,BallCalled,139,,
2026/8/30,3,4,宮城,Left,3,Right,2,2,1,Fastball,BallCalled,144,,
2026/8/30,3,5,宮城,Left,3,Right,2,3,1,Fastball,FoulBallFieldable,137,,
2026/8/30,3,6,宮城,Left,3,Right,2,3,2,Splitter,StrikeSwinging,128,Out,
2026/8/30,1,1,宮城,Left,4,Right,0,0,0,Fastball,StrikeSwinging,138,,
2026/8/30,1,2,宮城,Left,4,Right,0,0,1,Fastball,BallCalled,143,,
2026/8/30,1,3,宮城,Left,4,Right,0,1,1,Fastball,BallCalled,140,,
2026/8/30,1,4,宮城,Left,4,Right,0,2,1,Fastball,InPlay,137,Out,GroundBall
2026/8/30,2,1,宮城,Left,5,Right,1,0,0,Cutter,StrikeCalled,129,,
2026/8/30,2,2,宮城,Left,5,Right,1,0,1,Slider,BallCalled,109,,
2026/8/30,2,3,宮城,Left,5,Right,1,1,1,Splitter,BallCalled,130,,
2026/8/30,2,4,宮城,Left,5,Right,1,2,1,Cutter,BallCalled,128,,
2026/8/30,2,5,宮城,Left,5,Right,1,3,1,Fastball,StrikeCalled,138,,
2026/8/30,2,6,宮城,Left,5,Right,1,3,2,Fastball,StrikeCalled,141,,
2026/8/30,2,7,宮城,Left,5,Right,1,3,2,Fastball,InPlay,143,Out,GroundBall
2026/8/30,3,1,宮城,Left,6,Left,2,0,0,Fastball,StrikeCalled,141,,
2026/8/30,3,2,宮城,Left,6,Left,2,0,1,Cutter,InPlay,131,Single,LineDrive
2026/8/30,4,1,宮城,Left,7,Right,2,0,0,Splitter,BallCalled,130,,
2026/8/30,4,2,宮城,Left,7,Right,2,1,0,Fastball,StrikeSwinging,140,,
2026/8/30,4,3,宮城,Left,7,Right,2,1,1,Fastball,InPlay,138,Out,FlyBall
2026/8/30,1,1,安田,Right,8,Right,0,0,0,Fastball,StrikeSwinging,142,,
2026/8/30,1,2,安田,Right,8,Right,0,0,1,Fastball,FoulBallFieldable,142,,
2026/8/30,1,3,安田,Right,8,Right,0,0,2,Fastball,FoulBallFieldable,141,,
2026/8/30,1,4,安田,Right,8,Right,0,0,2,TwoSeamFastball,BallCalled,127,,
2026/8/30,1,5,安田,Right,8,Right,0,1,2,TwoSeamFastball,InPlay,126,Single,LineDrive
2026/8/30,2,1,安田,Right,9,Left,0,0,0,Fastball,BallCalled,139,,
2026/8/30,2,2,安田,Right,9,Left,0,1,0,Fastball,BallCalled,135,,
2026/8/30,2,3,安田,Right,9,Left,0,2,0,ChangeUp,StrikeCalled,119,,
2026/8/30,2,4,安田,Right,9,Left,0,2,1,ChangeUp,StrikeSwinging,121,,
2026/8/30,2,5,安田,Right,9,Left,0,2,2,ChangeUp,StrikeSwinging,117,Out,
2026/8/30,3,1,安田,Right,1,Right,1,0,0,TwoSeamFastball,StrikeCalled,122,,
2026/8/30,3,2,安田,Right,1,Right,1,0,1,Fastball,FoulBallFieldable,143,,
2026/8/30,3,3,安田,Right,1,Right,1,0,2,Fastball,InPlay,143,Out,FlyBall
2026/8/30,4,1,安田,Right,2,Right,2,0,0,ChangeUp,BallCalled,110,,
2026/8/30,4,2,安田,Right,2,Right,2,1,0,TwoSeamFastball,StrikeCalled,122,,
2026/8/30,4,3,安田,Right,2,Right,2,1,1,TwoSeamFastball,BallCalled,125,,
2026/8/30,4,4,安田,Right,2,Right,2,2,1,TwoSeamFastball,StrikeCalled,119,,
2026/8/30,4,5,安田,Right,2,Right,2,2,2,TwoSeamFastball,FoulBallFieldable,125,,
2026/8/30,4,6,安田,Right,2,Right,2,2,2,TwoSeamFastball,InPlay,122,Out,GroundBall
2026/8/30,1,1,安田,Right,3,Right,0,0,0,TwoSeamFastball,StrikeCalled,126,,
2026/8/30,1,2,安田,Right,3,Right,0,0,1,Fastball,InPlay,143,Out,FlyBall
2026/8/30,2,1,安田,Right,4,Right,1,0,0,Fastball,BallCalled,144,,
2026/8/30,2,2,安田,Right,4,Right,1,1,0,Fastball,BallCalled,144,,
2026/8/30,2,3,安田,Right,4,Right,1,2,0,TwoSeamFastball,BallCalled,119,,
2026/8/30,2,4,安田,Right,4,Right,1,3,0,TwoSeamFastball,StrikeCalled,124,,
2026/8/30,2,5,安田,Right,4,Right,1,3,1,TwoSeamFastball,BallCalled,119,Walk,
2026/8/30,3,1,安田,Right,5,Right,1,0,0,TwoSeamFastball,FoulBallFieldable,125,,
2026/8/30,3,2,安田,Right,5,Right,1,0,1,TwoSeamFastball,InPlay,127,Single,LineDrive
2026/8/30,4,1,安田,Right,6,Left,1,0,0,TwoSeamFastball,StrikeCalled,121,,
2026/8/30,4,2,安田,Right,6,Left,1,0,1,TwoSeamFastball,InPlay,120,Sacrifice,FlyBall
2026/8/30,5,1,安田,Right,7,Right,2,0,0,TwoSeamFastball,StrikeCalled,112,,
2026/8/30,5,2,安田,Right,7,Right,2,0,1,Fastball,BallCalled,138,,
2026/8/30,5,3,安田,Right,7,Right,2,1,1,Fastball,BallCalled,143,,
2026/8/30,5,4,安田,Right,7,Right,2,2,1,TwoSeamFastball,BallCalled,113,,
2026/8/30,5,5,安田,Right,7,Right,2,3,1,Fastball,FoulBallFieldable,143,,
2026/8/30,5,6,安田,Right,7,Right,2,3,2,TwoSeamFastball,BallCalled,126,Walk,
2026/8/30,6,1,安田,Right,8,Right,2,0,0,Fastball,StrikeCalled,139,,
2026/8/30,6,2,安田,Right,8,Right,2,0,1,Fastball,BallCalled,140,,
2026/8/30,6,3,安田,Right,8,Right,2,1,1,Fastball,FoulBallFieldable,141,,
2026/8/30,6,4,安田,Right,8,Right,2,1,2,Fastball,BallCalled,144,,
2026/8/30,6,5,安田,Right,8,Right,2,2,2,TwoSeamFastball,InPlay,113,Single,GroundBall
2026/8/30,7,1,安田,Right,9,Left,2,0,0,TwoSeamFastball,StrikeSwinging,122,,
2026/8/30,7,2,安田,Right,9,Left,2,0,1,TwoSeamFastball,StrikeSwinging,123,,
2026/8/30,7,3,安田,Right,9,Left,2,0,2,TwoSeamFastball,StrikeSwinging,124,Out,
2026/8/30,1,1,香西,Left,1,Right,0,0,0,Fastball,BallCalled,134,,
2026/8/30,1,2,香西,Left,1,Right,0,1,0,Fastball,StrikeCalled,135,,
2026/8/30,1,3,香西,Left,1,Right,0,1,1,Cutter,BallCalled,126,,
2026/8/30,1,4,香西,Left,1,Right,0,2,1,Fastball,BallCalled,138,,
2026/8/30,1,5,香西,Left,1,Right,0,3,1,Fastball,FoulBallFieldable,138,,
2026/8/30,1,6,香西,Left,1,Right,0,3,2,Fastball,FoulBallFieldable,138,,
2026/8/30,1,7,香西,Left,1,Right,0,3,2,Fastball,InPlay,135,Out,FlyBall
2026/8/30,2,1,香西,Left,2,Right,1,0,0,Slider,BallCalled,121,,
2026/8/30,2,2,香西,Left,2,Right,1,1,0,Slider,FoulBallFieldable,120,,
2026/8/30,2,3,香西,Left,2,Right,1,1,1,Fastball,BallCalled,138,,
2026/8/30,2,4,香西,Left,2,Right,1,2,1,Fastball,InPlay,135,Out,FlyBall
2026/8/30,3,1,香西,Left,3,Right,2,0,0,Fastball,StrikeCalled,139,,
2026/8/30,3,2,香西,Left,3,Right,2,0,1,Fastball,FoulBallFieldable,138,,
2026/8/30,3,3,香西,Left,3,Right,2,0,2,Fastball,FoulBallFieldable,132,,
2026/8/30,3,4,香西,Left,3,Right,2,0,2,Fastball,BallCalled,139,,
2026/8/30,3,5,香西,Left,3,Right,2,1,2,Splitter,BallCalled,121,,
2026/8/30,3,6,香西,Left,3,Right,2,2,2,Fastball,BallCalled,139,,
2026/8/30,3,7,香西,Left,3,Right,2,3,2,Fastball,FoulBallFieldable,137,,
2026/8/30,3,8,香西,Left,3,Right,2,3,2,Cutter,StrikeSwinging,124,Out,
2026/8/30,1,1,香西,Left,4,Right,0,0,0,Cutter,StrikeCalled,123,,
2026/8/30,1,2,香西,Left,4,Right,0,0,1,Fastball,StrikeSwinging,136,,
2026/8/30,1,3,香西,Left,4,Right,0,0,2,Fastball,BallCalled,135,,
2026/8/30,1,4,香西,Left,4,Right,0,1,2,Splitter,BallCalled,120,,
2026/8/30,1,5,香西,Left,4,Right,0,2,2,Fastball,InPlay,135,Double,GroundBall
2026/8/30,2,1,香西,Left,5,Right,0,0,0,Fastball,BallCalled,134,,
2026/8/30,2,2,香西,Left,5,Right,0,1,0,Splitter,StrikeSwinging,130,,
2026/8/30,2,3,香西,Left,5,Right,0,1,1,Fastball,StrikeCalled,138,,
2026/8/30,2,4,香西,Left,5,Right,0,1,2,Fastball,FoulBallFieldable,138,,
2026/8/30,2,5,香西,Left,5,Right,0,1,2,Cutter,InPlay,125,Single,FlyBall
2026/8/30,3,1,香西,Left,6,Right,0,0,0,Fastball,BallCalled,137,,
2026/8/30,3,2,香西,Left,6,Right,0,1,0,Fastball,StrikeCalled,128,FieldersChoice,GroundBall
2026/8/30,4,1,香西,Left,7,Right,0,0,0,Fastball,BallCalled,135,,
2026/8/30,4,2,香西,Left,7,Right,0,1,0,Fastball,BallCalled,137,,
2026/8/30,4,3,香西,Left,7,Right,0,2,0,Fastball,FoulBallFieldable,132,,
2026/8/30,4,4,香西,Left,7,Right,0,2,1,Fastball,StrikeCalled,136,Out,GroundBall
2026/8/30,5,1,香西,Left,8,Right,1,0,0,Splitter,BallCalled,124,,
2026/8/30,5,2,香西,Left,8,Right,1,1,0,Cutter,StrikeSwinging,130,,
2026/8/30,5,3,香西,Left,8,Right,1,1,1,Fastball,StrikeSwinging,137,,
2026/8/30,5,4,香西,Left,8,Right,1,1,2,Cutter,BallCalled,131,,
2026/8/30,5,5,香西,Left,8,Right,1,2,2,Fastball,BallCalled,140,,
2026/8/30,5,6,香西,Left,8,Right,1,3,2,Cutter,StrikeSwinging,129,Out,
2026/8/30,6,1,香西,Left,9,Left,2,0,0,Splitter,BallCalled,125,,
2026/8/30,6,2,香西,Left,9,Left,2,1,0,Fastball,BallCalled,135,,
2026/8/30,6,3,香西,Left,9,Left,2,2,0,Fastball,StrikeCalled,131,Out,FlyBall
2026/8/30,1,1,髙橋煌,Right,1,Right,0,0,0,Cutter,FoulBallFieldable,137,,
2026/8/30,1,2,髙橋煌,Right,1,Right,0,0,1,Fastball,FoulBallFieldable,150,,
2026/8/30,1,3,髙橋煌,Right,1,Right,0,0,2,Fastball,BallCalled,152,,
2026/8/30,1,4,髙橋煌,Right,1,Right,0,1,2,Fastball,StrikeCalled,151,Strikeout,
2026/8/30,2,1,髙橋煌,Right,2,Right,1,0,0,Fastball,StrikeCalled,146,,
2026/8/30,2,2,髙橋煌,Right,2,Right,1,0,1,Cutter,StrikeCalled,130,,
2026/8/30,2,3,髙橋煌,Right,2,Right,1,0,2,Fastball,BallCalled,150,,
2026/8/30,2,4,髙橋煌,Right,2,Right,1,1,2,Cutter,InPlay,135,Single,GroundBall
2026/8/30,3,1,髙橋煌,Right,3,Right,1,0,0,Cutter,BallCalled,135,,
2026/8/30,3,2,髙橋煌,Right,3,Right,1,1,0,Fastball,InPlay,146,Out,Popup
2026/8/30,4,1,髙橋煌,Right,4,Right,2,0,0,Fastball,BallCalled,144,,
2026/8/30,4,2,髙橋煌,Right,4,Right,2,1,0,Cutter,InPlay,137,Single,GroundBall
2026/8/30,5,1,髙橋煌,Right,5,Right,2,0,0,Cutter,BallCalled,138,,
2026/8/30,5,2,髙橋煌,Right,5,Right,2,1,0,Cutter,BallCalled,138,,
2026/8/30,5,3,髙橋煌,Right,5,Right,2,2,0,Fastball,BallCalled,148,,
2026/8/30,5,4,髙橋煌,Right,5,Right,2,3,0,Fastball,StrikeCalled,147,,
2026/8/30,5,5,髙橋煌,Right,5,Right,2,3,1,Cutter,FoulBallFieldable,139,,
2026/8/30,5,6,髙橋煌,Right,5,Right,2,3,2,Cutter,FoulBallFieldable,139,,
2026/8/30,5,7,髙橋煌,Right,5,Right,2,3,2,Cutter,InPlay,134,Out,GroundBall
2026/8/30,1,1,髙橋煌,Right,6,Right,0,0,0,Fastball,FoulBallFieldable,147,,
2026/8/30,1,2,髙橋煌,Right,6,Right,0,0,1,Curveball,InPlay,119,Single,GroundBall
2026/8/30,2,1,髙橋煌,Right,7,Right,0,0,0,Fastball,BallCalled,145,,
2026/8/30,2,2,髙橋煌,Right,7,Right,0,1,0,Fastball,BallCalled,148,,
2026/8/30,2,3,髙橋煌,Right,7,Right,0,2,0,Cutter,BallCalled,133,,
2026/8/30,2,4,髙橋煌,Right,7,Right,0,3,0,Fastball,InPlay,145,Out,Popup
2026/8/30,3,1,髙橋煌,Right,8,Right,1,0,0,Fastball,BallCalled,146,,
2026/8/30,3,2,髙橋煌,Right,8,Right,1,1,0,Fastball,BallCalled,145,,
2026/8/30,3,3,髙橋煌,Right,8,Right,1,2,0,Fastball,InPlay,145,Out,GroundBall
2026/8/30,4,1,髙橋煌,Right,9,Left,2,0,0,Cutter,BallCalled,139,,
2026/8/30,4,2,髙橋煌,Right,9,Left,2,1,0,Fastball,FoulBallFieldable,146,,
2026/8/30,4,3,髙橋煌,Right,9,Left,2,1,1,Cutter,BallCalled,139,,
2026/8/30,4,4,髙橋煌,Right,9,Left,2,2,1,Splitter,FoulBallFieldable,141,,
2026/8/30,4,5,髙橋煌,Right,9,Left,2,2,2,Cutter,FoulBallFieldable,131,,
2026/8/30,4,6,髙橋煌,Right,9,Left,2,2,2,Fastball,FoulBallFieldable,147,,
2026/8/30,4,7,髙橋煌,Right,9,Left,2,2,2,Cutter,InPlay,138,Out,GroundBall
2026/8/30,1,1,小松一,Right,1,Right,0,0,0,Slider,FoulBallFieldable,135,,
2026/8/30,1,2,小松一,Right,1,Right,0,0,1,Slider,BallCalled,133,,
2026/8/30,1,3,小松一,Right,1,Right,0,1,1,Fastball,InPlay,143,Single,LineDrive
2026/8/30,2,1,小松一,Right,2,Right,0,0,0,Fastball,BallCalled,143,,
2026/8/30,2,2,小松一,Right,2,Right,0,1,0,Slider,FoulBallFieldable,135,,
2026/8/30,2,3,小松一,Right,2,Right,0,1,1,Slider,BallCalled,133,,
2026/8/30,2,4,小松一,Right,2,Right,0,2,1,Slider,BallCalled,135,,
2026/8/30,2,5,小松一,Right,2,Right,0,3,1,Fastball,StrikeCalled,138,,
2026/8/30,2,6,小松一,Right,2,Right,0,3,2,Slider,InPlay,135,Out,GroundBall
2026/8/30,3,1,小松一,Right,3,Right,1,0,0,Slider,StrikeSwinging,135,,
2026/8/30,3,2,小松一,Right,3,Right,1,0,1,Fastball,FoulBallFieldable,141,,
2026/8/30,3,3,小松一,Right,3,Right,1,0,2,Fastball,BallCalled,142,,
2026/8/30,3,4,小松一,Right,3,Right,1,1,2,Splitter,BallCalled,134,,
2026/8/30,3,5,小松一,Right,3,Right,1,2,2,Slider,FoulBallFieldable,133,,
2026/8/30,3,6,小松一,Right,3,Right,1,2,2,Fastball,InPlay,139,Out,FlyBall
2026/8/30,4,1,小松一,Right,4,Right,2,0,0,Slider,BallCalled,135,,
2026/8/30,4,2,小松一,Right,4,Right,2,1,0,Fastball,InPlay,144,Single,GroundBall
2026/8/30,5,1,小松一,Right,5,Right,2,0,0,Fastball,FoulBallFieldable,141,,
2026/8/30,5,2,小松一,Right,5,Right,2,0,1,Slider,FoulBallFieldable,135,,
2026/8/30,5,3,小松一,Right,5,Right,2,0,2,Fastball,InPlay,136,Error,FlyBall
2026/8/30,6,1,小松一,Right,6,Right,2,0,0,Slider,FoulBallFieldable,134,,
2026/8/30,6,2,小松一,Right,6,Right,2,0,1,Fastball,StrikeCalled,136,,
2026/8/30,6,3,小松一,Right,6,Right,2,0,2,Fastball,BallCalled,143,,
2026/8/30,6,4,小松一,Right,6,Right,2,1,2,Fastball,FoulBallFieldable,144,,
2026/8/30,6,5,小松一,Right,6,Right,2,1,2,Slider,FoulBallFieldable,134,,
2026/8/30,6,6,小松一,Right,6,Right,2,1,2,Fastball,InPlay,138,Out,GroundBall